Classification,Sequence
non-amyloid,AAAQAA
non-amyloid,AAELRN
non-amyloid,AAIDWF
non-amyloid,AAIGWG
non-amyloid,AALQSS
non-amyloid,AAPKPK
non-amyloid,AAQAAL
non-amyloid,AARRFF
non-amyloid,AAVDQT
non-amyloid,ACGVIG
non-amyloid,ADVGQG
non-amyloid,ADVSIE
non-amyloid,AEKLFD
non-amyloid,AEMEYL
non-amyloid,AENGKS
non-amyloid,AESDKK
non-amyloid,AETKEP
non-amyloid,AEVLAL
non-amyloid,AFSINP
non-amyloid,AGFQPQ
non-amyloid,AGGYYQ
non-amyloid,AGSGSG
amyloid,AGVNYF
non-amyloid,AGYQQQ
non-amyloid,AIDWFD
non-amyloid,AIGWGS
amyloid,AILSST
non-amyloid,AINKIQ
non-amyloid,AISNNN
amyloid,AIVAGD
amyloid,AIVAGS
amyloid,AIVAGT
non-amyloid,ALALQT
amyloid,ALEEYT
non-amyloid,ALQSSW
non-amyloid,ALQTDA
non-amyloid,AMMAAA
non-amyloid,AMNITN
non-amyloid,ANATKK
non-amyloid,ANNNSN
non-amyloid,ANNYSS
non-amyloid,APKPKK
non-amyloid,AQAALQ
non-amyloid,AQAQPA
amyloid,AQFIIS
non-amyloid,AQPAGG
non-amyloid,ASNAGS
non-amyloid,ASQQNQ
non-amyloid,ASRQNQ
amyloid,ASSSNY
non-amyloid,ATAHQY
non-amyloid,ATKKVD
non-amyloid,ATLDQW
non-amyloid,ATTRTV
amyloid,ATVIIE
non-amyloid,ATVSFD
non-amyloid,AVDQTA
non-amyloid,AVTTGV
non-amyloid,AYNAQA
amyloid,CGVIGI
non-amyloid,CPSGNN
non-amyloid,DADLYL
non-amyloid,DAGYQQ
amyloid,DCVNIT
non-amyloid,DDSLFF
non-amyloid,DECFFF
non-amyloid,DENNTF
non-amyloid,DETVIV
non-amyloid,DFQKQQ
non-amyloid,DFQKQQ
amyloid,DHCIIG
amyloid,DHCIIW
non-amyloid,DIEVDL
non-amyloid,DILTYT
non-amyloid,DKKEEE
non-amyloid,DLLKNG
non-amyloid,DLTITQ
non-amyloid,DLTQRG
non-amyloid,DNNTIF
non-amyloid,DQTASN
non-amyloid,DQWNGK
non-amyloid,DSNQGN
amyloid,DSVISL
non-amyloid,DTKPAE
amyloid,DTVIIE
non-amyloid,DVGQGS
non-amyloid,DVNRNG
non-amyloid,DVSIED
non-amyloid,EALYLV
non-amyloid,EATVSF
non-amyloid,ECFFFE
non-amyloid,EDSVIS
non-amyloid,EECLFL
non-amyloid,EEEKSA
non-amyloid,EEKKEE
non-amyloid,EEKPVQ
non-amyloid,EEKSAE
non-amyloid,EEKSEL
non-amyloid,EEPVKK
amyloid,EGVLYV
non-amyloid,EHSDLS
non-amyloid,EKDEYA
non-amyloid,EKKEEK
non-amyloid,EKNLYL
non-amyloid,EKPVQT
non-amyloid,EKSAET
non-amyloid,EKSELP
non-amyloid,ELNIYQ
non-amyloid,ELPKVE
non-amyloid,EMTVKQ
non-amyloid,EPTKVE
non-amyloid,EPTREP
non-amyloid,EPVKKE
non-amyloid,ERGFFY
non-amyloid,ERIEKV
non-amyloid,ESDKKE
non-amyloid,ESNTNN
non-amyloid,ETKEPT
amyloid,ETVIIE
non-amyloid,ETVIVI
non-amyloid,ETWFFG
non-amyloid,EVDLLK
non-amyloid,EVTTGV
non-amyloid,EYLKIA
amyloid,EYSNFS
amyloid,FAIRHF
non-amyloid,FERQHM
amyloid,FESNFN
non-amyloid,FFNLNN
non-amyloid,FFWRFM
non-amyloid,FFYTPK
non-amyloid,FGAFSI
non-amyloid,FGELFE
non-amyloid,FGGGNG
non-amyloid,FGNNAT
non-amyloid,FGNQSG
non-amyloid,FGNSAT
non-amyloid,FGNSRG
non-amyloid,FGTFSI
non-amyloid,FHPSDI
non-amyloid,FINYTN
non-amyloid,FKQIGI
non-amyloid,FLKYFT
amyloid,FLVHSS
non-amyloid,FMFFII
non-amyloid,FMFNDL
non-amyloid,FMSNDL
non-amyloid,FNKFGG
non-amyloid,FNPQGG
non-amyloid,FNYNNN
non-amyloid,FQKQQK
non-amyloid,FQPQSQ
amyloid,FSINPA
non-amyloid,FSKDWS
non-amyloid,FSNATN
amyloid,FTFIQF
non-amyloid,FTPTEK
amyloid,FTVIIE
non-amyloid,FVNQHL
amyloid,FYLLYY
non-amyloid,FYTPKT
non-amyloid,GAAIGW
non-amyloid,GAAVDQ
non-amyloid,GADVGQ
non-amyloid,GAFSIN
amyloid,GAITIG
amyloid,GDHCII
non-amyloid,GEATVS
non-amyloid,GERGFF
amyloid,GEWTYD
non-amyloid,GFFNLQ
amyloid,GFFQQQ
non-amyloid,GFFYTP
non-amyloid,GFGNNA
non-amyloid,GFGNQS
non-amyloid,GFGNSA
non-amyloid,GFGNSR
non-amyloid,GFNKFG
non-amyloid,GFNNSA
non-amyloid,GFNNTP
non-amyloid,GFPGSF
non-amyloid,GFQPQS
non-amyloid,GFSGSF
non-amyloid,GFSNNN
non-amyloid,GGFGNQ
non-amyloid,GGFNKF
non-amyloid,GGGGNH
non-amyloid,GGGGNN
non-amyloid,GGGMNF
non-amyloid,GGGNGA
non-amyloid,GGGNHG
amyloid,GGGNNS
non-amyloid,GGGNSA
non-amyloid,GGMNFG
non-amyloid,GGNGAA
non-amyloid,GGNGAD
non-amyloid,GGNHGG
non-amyloid,GGNNSG
non-amyloid,GGNSAL
non-amyloid,GGQQQS
non-amyloid,GGRGNY
amyloid,GGVVIA
non-amyloid,GGYQQQ
non-amyloid,GGYQQY
non-amyloid,GGYYQN
non-amyloid,GIIKTN
non-amyloid,GIKLAN
amyloid,GIVIVA
non-amyloid,GKQAYQ
non-amyloid,GKQGYQ
amyloid,GLFINM
non-amyloid,GLLLWQ
non-amyloid,GMFNIQ
non-amyloid,GMLASQ
non-amyloid,GMLASR
amyloid,GMMGML
non-amyloid,GMNFGA
non-amyloid,GMNFGT
non-amyloid,GMSLND
amyloid,GNFNNL
non-amyloid,GNGAAV
non-amyloid,GNGADV
non-amyloid,GNHGGG
non-amyloid,GNNATA
non-amyloid,GNNQQN
non-amyloid,GNNRYQ
non-amyloid,GNNSGP
non-amyloid,GNNSYS
non-amyloid,GNQQQG
non-amyloid,GNQQQG
non-amyloid,GNQSGF
non-amyloid,GNSALA
non-amyloid,GNSATL
non-amyloid,GNYKNF
non-amyloid,GQGSDD
non-amyloid,GQNNTQ
non-amyloid,GQQNQY
non-amyloid,GQQQSY
non-amyloid,GQQSYS
non-amyloid,GQSSYS
non-amyloid,GRGNYK
non-amyloid,GRGNYK
non-amyloid,GRIGIA
non-amyloid,GSASNA
non-amyloid,GSGFNG
non-amyloid,GSGSGF
non-amyloid,GSHLVE
non-amyloid,GSNNTF
non-amyloid,GSNSGA
amyloid,GTFFIN
amyloid,GTFFIT
non-amyloid,GTFFQE
amyloid,GTFNII
non-amyloid,GTFSIN
amyloid,GTVIIE
amyloid,GTVLFM
non-amyloid,GVFNNQ
amyloid,GVIGIA
amyloid,GVIWIA
non-amyloid,GVNNNN
amyloid,GVNYFL
non-amyloid,GVPGIA
non-amyloid,GVTIIT
non-amyloid,GVVPQY
non-amyloid,GVVVVT
non-amyloid,GWGSAS
amyloid,GYFILQ
amyloid,GYFLNF
amyloid,GYFLNM
non-amyloid,GYGQSS
amyloid,GYMLGS
non-amyloid,GYQAGF
non-amyloid,GYQAYN
non-amyloid,GYQQGG
non-amyloid,GYQQQF
non-amyloid,GYQQQY
non-amyloid,GYQQYN
non-amyloid,GYQQYN
non-amyloid,GYSGYQ
amyloid,GYVLGS
non-amyloid,GYYQNY
non-amyloid,HAFLII
amyloid,HFVWIA
amyloid,HGFNQQ
non-amyloid,HGGGGN
non-amyloid,HGGGNG
amyloid,HGWLIM
non-amyloid,HIFIIM
amyloid,HIFLLC
non-amyloid,HKALFW
amyloid,HLFNLT
non-amyloid,HLVEAL
amyloid,HLVYIM
non-amyloid,HNNNNN
non-amyloid,HNNNSQ
non-amyloid,HNSVNF
non-amyloid,HNTNNA
non-amyloid,HPAENG
amyloid,HQFNLN
amyloid,HQLIIM
amyloid,HSSNNF
non-amyloid,HTAVTT
amyloid,HTFNLL
amyloid,HTVIIE
non-amyloid,HWQNFA
non-amyloid,HWRNFA
amyloid,HYFNIF
non-amyloid,ICSLYQ
non-amyloid,IDLTQR
non-amyloid,IEDSVI
non-amyloid,IEKVEH
amyloid,IEMIFV
amyloid,IFDFIQ
non-amyloid,IFNYNN
non-amyloid,IGIIKT
non-amyloid,IGNNSI
non-amyloid,IGRTLV
non-amyloid,IGRTLW
non-amyloid,IGWGSA
non-amyloid,IHKAQN
amyloid,IIHFGS
non-amyloid,IINFEQ
amyloid,IINFIT
non-amyloid,IIPFEQ
non-amyloid,IITVTN
non-amyloid,IKLANA
non-amyloid,ILENIS
non-amyloid,ILGSNN
amyloid,ILVAGD
amyloid,ILVAGS
non-amyloid,INLYTD
non-amyloid,INNMTN
non-amyloid,INNVSN
non-amyloid,INPAMM
non-amyloid,IQNNSN
non-amyloid,IQRTPK
non-amyloid,IQVYSR
amyloid,ISFLIF
non-amyloid,ISLSGD
non-amyloid,ISMTTS
non-amyloid,ITQHGG
amyloid,ITVIIE
non-amyloid,ITVTND
amyloid,IVATTR
non-amyloid,IVIRTP
non-amyloid,IVIVAT
amyloid,IVYSCE
amyloid,IVYSWE
non-amyloid,IYFNVQ
non-amyloid,IYQYGG
non-amyloid,KAAIDW
non-amyloid,KAFIIQ
non-amyloid,KAILFL
amyloid,KDWSFY
non-amyloid,KECLIN
non-amyloid,KEEEKS
non-amyloid,KEEKPV
non-amyloid,KEEKSE
non-amyloid,KENIIF
non-amyloid,KEPTRE
non-amyloid,KGENFT
amyloid,KHIIVA
amyloid,KIVKWD
non-amyloid,KKEEEK
non-amyloid,KKEEKP
non-amyloid,KKEEKS
non-amyloid,KKTLKL
non-amyloid,KKVDTK
non-amyloid,KLANAT
amyloid,KLFIIQ
amyloid,KLFIQF
non-amyloid,KLLEIA
amyloid,KLLIYE
amyloid,KLVFFA
non-amyloid,KLVSSS
non-amyloid,KMFFIQ
amyloid,KNFNYN
non-amyloid,KNFNYN
non-amyloid,KPAESD
non-amyloid,KPKKTL
non-amyloid,KPVQTE
non-amyloid,KQAAPK
non-amyloid,KQFGGG
amyloid,KQIGII
non-amyloid,KQQKQA
non-amyloid,KSAETK
non-amyloid,KSELPK
non-amyloid,KSNFLN
non-amyloid,KTLKLV
amyloid,KTVIIE
non-amyloid,KTVIIT
non-amyloid,KTVIVE
non-amyloid,KTVIYE
non-amyloid,KTVLIE
non-amyloid,KVDTKP
non-amyloid,KVEDLK
non-amyloid,KVEEPV
non-amyloid,KVEHSD
amyloid,KVQIIN
non-amyloid,KWDRDM
non-amyloid,KYLNWD
non-amyloid,KYNNTG
non-amyloid,LAEAIG
non-amyloid,LALQTD
non-amyloid,LANATK
amyloid,LANFLV
non-amyloid,LASQQN
non-amyloid,LASRQN
amyloid,LAVAGD
amyloid,LAVLFL
non-amyloid,LDGFSR
non-amyloid,LDGSSR
non-amyloid,LDQWNG
amyloid,LEFWLQ
non-amyloid,LFMFND
non-amyloid,LFMSND
non-amyloid,LFNNST
non-amyloid,LGNNSN
non-amyloid,LIAGFN
amyloid,LIFLIV
non-amyloid,LINNSV
amyloid,LIVAAD
amyloid,LIVAGD
amyloid,LIVAGE
amyloid,LIVAGK
amyloid,LIVAGS
amyloid,LIVAGT
non-amyloid,LKLVSS
non-amyloid,LKNGER
non-amyloid,LLFCHI
non-amyloid,LLFYHI
non-amyloid,LLGPTI
non-amyloid,LLNKTN
non-amyloid,LLVPTI
amyloid,LLYYTE
non-amyloid,LMNTTN
non-amyloid,LMSLFG
non-amyloid,LNDFQK
non-amyloid,LNIYQY
non-amyloid,LNNITA
non-amyloid,LPKVED
non-amyloid,LQGYQA
non-amyloid,LQNVSN
non-amyloid,LQSSWG
non-amyloid,LQTDAR
amyloid,LSFSKD
non-amyloid,LSGDHC
non-amyloid,LSQPKI
non-amyloid,LTFIQV
non-amyloid,LTITQH
non-amyloid,LTQRGF
amyloid,LTVIIE
amyloid,LVEALY
amyloid,LVFYQQ
non-amyloid,LVSSSG
amyloid,LYQLEN
non-amyloid,MAAAQA
non-amyloid,MERLRI
non-amyloid,MEWLRI
non-amyloid,MGGGMN
non-amyloid,MGMLAS
non-amyloid,MGNNTV
amyloid,MIENIQ
amyloid,MIHFGN
non-amyloid,MINLYT
non-amyloid,MLASQQ
non-amyloid,MLASRQ
amyloid,MLVLFV
non-amyloid,MMAAAQ
non-amyloid,MMGMLA
amyloid,MMHFGN
non-amyloid,MNFGAF
non-amyloid,MNFGTF
non-amyloid,MSDSNQ
non-amyloid,MSLNDF
amyloid,MTFIQN
amyloid,MTVIIE
non-amyloid,MTVKQF
amyloid,MVGGVV
non-amyloid,MYFFIF
non-amyloid,MYWIIF
non-amyloid,NAGSGS
non-amyloid,NANASS
non-amyloid,NANTSN
non-amyloid,NAQAQP
non-amyloid,NATAHQ
non-amyloid,NATKKV
non-amyloid,NDFQKQ
non-amyloid,NDNNNN
non-amyloid,NDNNSN
non-amyloid,NENGNA
non-amyloid,NFFIQS
non-amyloid,NFFWLL
non-amyloid,NFGAFS
amyloid,NFGAIL
amyloid,NFGSVQ
non-amyloid,NFGTFS
amyloid,NFLVH
amyloid,NFLVHS
non-amyloid,NFNNGN
non-amyloid,NFNYNN
non-amyloid,NGAAVD
non-amyloid,NGADVG
non-amyloid,NGERIE
non-amyloid,NGIVIV
non-amyloid,NGKSNF
non-amyloid,NGNLSN
non-amyloid,NGNLTS
non-amyloid,NGNNSN
non-amyloid,NGNQNR
non-amyloid,NGNQQQ
non-amyloid,NHGGGG
amyloid,NHVTLS
non-amyloid,NIDQSF
amyloid,NIFNFT
amyloid,NIFNIT
amyloid,NIFWVQ
non-amyloid,NIGNNS
non-amyloid,NIGQSF
amyloid,NINFFT
amyloid,NINFIT
non-amyloid,NININV
amyloid,NINKSN
non-amyloid,NINNNN
non-amyloid,NINNSI
non-amyloid,NINNST
non-amyloid,NIQYQF
non-amyloid,NISNNN
non-amyloid,NIVLIM
non-amyloid,NIYQYG
non-amyloid,NKFGGP
amyloid,NLFYQL
non-amyloid,NLGPVL
non-amyloid,NLQGYQ
non-amyloid,NLYTDR
non-amyloid,NMGGGM
non-amyloid,NMNMNL
non-amyloid,NNATAH
non-amyloid,NNGGNN
non-amyloid,NNLQGY
non-amyloid,NNNGNQ
non-amyloid,NNNISN
non-amyloid,NNNISV
non-amyloid,NNNKNN
non-amyloid,NNNLQG
non-amyloid,NNNNNE
non-amyloid,NNNNSN
non-amyloid,NNNNTN
non-amyloid,NNNRGG
non-amyloid,NNNSSS
amyloid,NNNWSL
amyloid,NNQNTF
amyloid,NNQQNY
non-amyloid,NNQQNY
non-amyloid,NNRYQG
amyloid,NNSGPN
non-amyloid,NNSYSG
non-amyloid,NNTIFV
non-amyloid,NPAMMA
non-amyloid,NPDAGY
non-amyloid,NPQGGR
non-amyloid,NPQGGY
amyloid,NQFIIS
amyloid,NQFNLM
non-amyloid,NQGNNQ
non-amyloid,NQGYNT
non-amyloid,NQNMNN
amyloid,NQNNFV
amyloid,NQQNQY
non-amyloid,NQQNYQ
non-amyloid,NQQQGN
non-amyloid,NQSCPS
non-amyloid,NQSGFG
non-amyloid,NQYNSS
non-amyloid,NRYQGY
non-amyloid,NSALAL
non-amyloid,NSATLD
non-amyloid,NSGAAI
non-amyloid,NSNINQ
non-amyloid,NSNLTA
non-amyloid,NSNNSN
non-amyloid,NSNSSN
non-amyloid,NSNTNT
non-amyloid,NSNTTK
non-amyloid,NSNYTQ
non-amyloid,NSSFNG
non-amyloid,NSYSGS
non-amyloid,NTIFVQ
non-amyloid,NTNNTS
amyloid,NTVIIE
non-amyloid,NVAMHV
non-amyloid,NVAVHV
non-amyloid,NVNFSN
non-amyloid,NVTQVG
amyloid,NYCNFV
non-amyloid,NYFAIR
non-amyloid,NYKNFN
non-amyloid,NYNNNL
non-amyloid,NYNNSG
non-amyloid,NYNNSS
non-amyloid,NYNTYR
non-amyloid,NYQGYS
non-amyloid,NYQQYS
amyloid,NYVWIV
non-amyloid,PAESDK
non-amyloid,PAGGYY
non-amyloid,PAMMAA
non-amyloid,PDAGYQ
non-amyloid,PGGFGN
non-amyloid,PKIQVY
non-amyloid,PKKTLK
non-amyloid,PKPKKT
non-amyloid,PKVEDL
non-amyloid,PMINLY
non-amyloid,PNGITL
non-amyloid,PNSANS
non-amyloid,PNVITL
non-amyloid,PQGGRG
non-amyloid,PQGGYQ
non-amyloid,PQSQGM
non-amyloid,PQYGGG
non-amyloid,PSDIEV
non-amyloid,PSGNNQ
non-amyloid,PTEKDE
non-amyloid,PTKVEE
non-amyloid,PTREPT
non-amyloid,PTVIIE
non-amyloid,PVKKEE
non-amyloid,PVQTEE
non-amyloid,PYGQQS
non-amyloid,QAALQS
non-amyloid,QAAPKP
non-amyloid,QAGFQP
amyloid,QANKHI
non-amyloid,QAQNQW
non-amyloid,QAQPAG
non-amyloid,QAYNAQ
amyloid,QEMRHF
amyloid,QFFLQF
non-amyloid,QFGGGN
non-amyloid,QFNPQG
non-amyloid,QGFNNQ
non-amyloid,QGGRGN
non-amyloid,QGGYQQ
non-amyloid,QGMSLN
non-amyloid,QGNNQQ
non-amyloid,QGNNRY
non-amyloid,QGYQAG
non-amyloid,QGYQAY
non-amyloid,QGYSGY
non-amyloid,QHGGGN
non-amyloid,QIGIIK
amyloid,QILLWS
non-amyloid,QKQAAP
non-amyloid,QKQQKQ
amyloid,QLENYC
amyloid,QLFINF
non-amyloid,QLFINN
amyloid,QLFLQI
non-amyloid,QNGNQQ
amyloid,QNLLWQ
non-amyloid,QNQSCP
non-amyloid,QNQSGP
non-amyloid,QNQYNS
non-amyloid,QNSLNM
non-amyloid,QNYQGY
non-amyloid,QNYQQY
non-amyloid,QPAGGY
non-amyloid,QPKIVK
non-amyloid,QPMINL
non-amyloid,QPQSQG
non-amyloid,QQFNPQ
non-amyloid,QQGGYQ
non-amyloid,QQGNNR
non-amyloid,QQKQAA
non-amyloid,QQNQSC
non-amyloid,QQNQSG
non-amyloid,QQNQYN
non-amyloid,QQNTSF
non-amyloid,QQNYQQ
non-amyloid,QQNYSK
non-amyloid,QQQFNP
non-amyloid,QQQGNN
non-amyloid,QQQSYG
non-amyloid,QQQSYN
non-amyloid,QQQYNP
non-amyloid,QQSYGQ
non-amyloid,QQSYNP
non-amyloid,QQSYSG
non-amyloid,QQYNPD
non-amyloid,QQYNPQ
non-amyloid,QQYSQN
non-amyloid,QRGFGN
non-amyloid,QSCPSG
non-amyloid,QSGFGN
non-amyloid,QSQGMS
non-amyloid,QSSWGM
non-amyloid,QSSYSS
non-amyloid,QSYGQQ
non-amyloid,QSYNPP
non-amyloid,QSYSGY
non-amyloid,QTDARN
non-amyloid,QTEEKK
amyloid,QTFLVN
non-amyloid,QTFNLF
non-amyloid,QTNLYG
amyloid,QTVIIE
non-amyloid,QVGFGN
non-amyloid,QVVHIG
non-amyloid,QVVPIG
non-amyloid,QWNGKN
amyloid,QYFEQF
non-amyloid,QYGGGG
non-amyloid,QYGGGN
amyloid,QYGGNA
amyloid,QYGGNN
non-amyloid,QYNNSN
non-amyloid,QYNPDA
non-amyloid,QYNPQG
non-amyloid,QYSQNG
non-amyloid,REPTKV
non-amyloid,RETWFF
non-amyloid,RGFFYT
non-amyloid,RGFGNS
non-amyloid,RGGFNK
non-amyloid,RGNYKN
non-amyloid,RIGIAQ
non-amyloid,RLSNNI
non-amyloid,RLVFID
non-amyloid,RMFNII
non-amyloid,RNLTKD
non-amyloid,RQFNQT
non-amyloid,RQNQSG
amyloid,RQVLIF
non-amyloid,RTPKIQ
amyloid,RTVIIE
non-amyloid,RVAFFE
amyloid,RVFNIM
non-amyloid,RVNHVT
non-amyloid,RVNNNA
non-amyloid,RYQGYQ
non-amyloid,SAETKE
amyloid,SALALQ
non-amyloid,SASNAG
non-amyloid,SATLDQ
amyloid,SAVIIE
non-amyloid,SCNNNN
non-amyloid,SCPSGN
non-amyloid,SDKKEE
non-amyloid,SDLSFS
non-amyloid,SDLTIT
non-amyloid,SDNNTI
non-amyloid,SDSNQG
amyloid,SDVIIE
amyloid,SELNIY
non-amyloid,SELPKV
non-amyloid,SEMTVK
amyloid,SEVIIE
amyloid,SFFFIQ
amyloid,SFLIFL
amyloid,SFQIYA
amyloid,SFVIIE
non-amyloid,SGAAIG
non-amyloid,SGDHCI
non-amyloid,SGFGNS
non-amyloid,SGFHPS
non-amyloid,SGIKLA
non-amyloid,SGSGFN
non-amyloid,SGSNSG
amyloid,SGVIIE
non-amyloid,SGYQQG
non-amyloid,SHLVEA
non-amyloid,SHVIIE
non-amyloid,SIDLTQ
non-amyloid,SIEDSV
non-amyloid,SINPAM
amyloid,SIVIIE
non-amyloid,SKVIIE
non-amyloid,SLNDFQ
non-amyloid,SLSGDH
amyloid,SLVIIE
non-amyloid,SLYQLE
amyloid,SMVIIE
amyloid,SMVLFS
non-amyloid,SNAGSG
non-amyloid,SNGIVI
non-amyloid,SNMGGG
non-amyloid,SNNFGA
non-amyloid,SNNSNI
non-amyloid,SNQGNN
amyloid,SNQNNF
non-amyloid,SNSGAA
non-amyloid,SNTNNT
amyloid,SNVIIE
non-amyloid,SPVIIE
amyloid,SQFYIT
non-amyloid,SQGMSL
non-amyloid,SQNGNQ
non-amyloid,SQQNQS
amyloid,SQVIIE
non-amyloid,SRHPAE
non-amyloid,SRQNQS
non-amyloid,SRVIIE
non-amyloid,SSGIKL
non-amyloid,SSIDLT
amyloid,SSNNFG
non-amyloid,SSNNNS
non-amyloid,SSSGIK
amyloid,SSTNVG
amyloid,SSTSAA
amyloid,SSVIIE
non-amyloid,SSVNVT
non-amyloid,SSWGMM
non-amyloid,SSYSSY
non-amyloid,STADWE
non-amyloid,STAIIE
non-amyloid,STDIIE
amyloid,STEIIE
amyloid,STFIFE
amyloid,STFIIE
amyloid,STFLIE
amyloid,STFTFE
non-amyloid,STFTIE
non-amyloid,STGIIE
non-amyloid,STHIIE
non-amyloid,STIIIE
non-amyloid,STKIIE
non-amyloid,STLIFE
amyloid,STLIIE
non-amyloid,STLIYE
non-amyloid,STLLIE
non-amyloid,STLLYE
non-amyloid,STLTFE
non-amyloid,STLTIE
non-amyloid,STMIIE
amyloid,STMSIT
non-amyloid,STNIFE
amyloid,STNIIE
non-amyloid,STNIYE
non-amyloid,STNNTN
non-amyloid,STNSNT
non-amyloid,STNTFE
non-amyloid,STNTIE
non-amyloid,STPIIE
non-amyloid,STQIFE
amyloid,STQIIE
non-amyloid,STQIYE
non-amyloid,STRIIE
amyloid,STSIIE
non-amyloid,STTIIE
non-amyloid,STTVVT
non-amyloid,STVAIE
non-amyloid,STVDIE
amyloid,STVEIE
amyloid,STVFIE
non-amyloid,STVGIE
non-amyloid,STVHIE
non-amyloid,STVIAE
non-amyloid,STVIDE
non-amyloid,STVIEE
amyloid,STVIFE
non-amyloid,STVIGE
non-amyloid,STVIHE
amyloid,STVIIA
amyloid,STVIID
amyloid,STVIIE
amyloid,STVIIF
amyloid,STVIIG
non-amyloid,STVIIH
amyloid,STVIII
non-amyloid,STVIIK
amyloid,STVIIL
amyloid,STVIIM
amyloid,STVIIN
non-amyloid,STVIIP
amyloid,STVIIQ
non-amyloid,STVIIR
amyloid,STVIIS
amyloid,STVIIT
amyloid,STVIIV
amyloid,STVIIW
amyloid,STVIIY
non-amyloid,STVIKE
non-amyloid,STVIKT
non-amyloid,STVILE
non-amyloid,STVIME
non-amyloid,STVINE
non-amyloid,STVIPE
non-amyloid,STVIQE
non-amyloid,STVIRE
non-amyloid,STVISE
non-amyloid,STVITE
non-amyloid,STVIVE
non-amyloid,STVIWE
amyloid,STVIYE
non-amyloid,STVKIE
amyloid,STVLIE
non-amyloid,STVMIE
amyloid,STVNIE
non-amyloid,STVPIE
non-amyloid,STVQIE
non-amyloid,STVRIE
non-amyloid,STVSIE
non-amyloid,STVTFE
amyloid,STVTIE
non-amyloid,STVVIE
amyloid,STVWIE
amyloid,STVYIE
amyloid,STWIFE
amyloid,STWIIE
amyloid,STWIYE
amyloid,STWLIE
non-amyloid,STWTFE
non-amyloid,STWTIE
non-amyloid,STYIIE
non-amyloid,SVISLS
non-amyloid,SVNVTQ
amyloid,SVVIIE
non-amyloid,SWGMMG
non-amyloid,SWVIIE
non-amyloid,SYLCDL
non-amyloid,SYLYDL
non-amyloid,SYNNNN
non-amyloid,SYSGSN
amyloid,SYSTMS
amyloid,SYVIIE
non-amyloid,TAAHCF
non-amyloid,TAELIT
non-amyloid,TAVHCF
non-amyloid,TAVTTG
non-amyloid,TAWYAE
non-amyloid,TDETVI
non-amyloid,TEEKKE
non-amyloid,TEFTPT
amyloid,TFQINS
non-amyloid,TFSINP
non-amyloid,TFWEIS
non-amyloid,TGVTII
non-amyloid,TGVVVV
amyloid,TIITVT
non-amyloid,TITQHG
non-amyloid,TKEPTR
non-amyloid,TKKVDT
non-amyloid,TKPAES
non-amyloid,TKVEEP
non-amyloid,TLDQWN
non-amyloid,TLKLVS
non-amyloid,TLKNYI
non-amyloid,TNELYM
non-amyloid,TNNNTN
non-amyloid,TQHGGG
non-amyloid,TQRGFG
non-amyloid,TQVGFG
non-amyloid,TREPTK
non-amyloid,TRNNTV
non-amyloid,TTGVTI
non-amyloid,TTGVVV
amyloid,TTVIIE
non-amyloid,TTVVST
non-amyloid,TTVVTT
non-amyloid,TVFHIG
non-amyloid,TVFPIG
non-amyloid,TVIVIR
non-amyloid,TVKQFG
non-amyloid,TVVSTT
non-amyloid,TYQIIR
amyloid,TYVEYI
amyloid,VAFNIT
non-amyloid,VAMHVF
amyloid,VANFIT
non-amyloid,VANNST
non-amyloid,VATTRT
amyloid,VAVHVF
non-amyloid,VAWLKM
non-amyloid,VDQTAS
non-amyloid,VDTKPA
amyloid,VEALYL
non-amyloid,VEDLKI
non-amyloid,VEEPVK
non-amyloid,VFFINQ
amyloid,VFFNNT
non-amyloid,VGFGNN
non-amyloid,VGQGSD
non-amyloid,VHNNSN
amyloid,VIGIAQ
amyloid,VILLIS
non-amyloid,VISLSG
amyloid,VIVATT
non-amyloid,VIVIRT
non-amyloid,VIWIAQ
non-amyloid,VKKEEK
non-amyloid,VKQFGG
non-amyloid,VKWDRD
non-amyloid,VNNNNI
non-amyloid,VNNNNN
amyloid,VNVTQV
non-amyloid,VNWCER
non-amyloid,VNWYER
non-amyloid,VPGIAQ
non-amyloid,VPQYGG
amyloid,VQFLQS
amyloid,VQIINK
amyloid,VQIVYK
non-amyloid,VQTEEK
amyloid,VSFEIV
non-amyloid,VSIEDS
non-amyloid,VSNLSN
non-amyloid,VSSSGI
amyloid,VSTTVV
non-amyloid,VTIITV
non-amyloid,VTLSQP
non-amyloid,VTQEFW
non-amyloid,VTQVGF
amyloid,VTSTFS
non-amyloid,VTTGVT
non-amyloid,VTTGVV
non-amyloid,VTTVVS
amyloid,VTVIIE
non-amyloid,VVPQYG
amyloid,VVSTTV
non-amyloid,VVTSEE
non-amyloid,VVVTSE
non-amyloid,VVVVTS
non-amyloid,VYSCEW
non-amyloid,VYSRHP
non-amyloid,VYSWEW
non-amyloid,WGMMGM
non-amyloid,WGSASN
amyloid,WIVIFF
non-amyloid,WNFGTQ
non-amyloid,WNFSTQ
non-amyloid,WPNGIT
amyloid,WPNVIT
non-amyloid,WSFYLL
amyloid,WTFNLY
amyloid,WTVIIE
non-amyloid,WVENYP
amyloid,WVFWIG
non-amyloid,WYFYIQ
amyloid,YAELIV
non-amyloid,YASEIE
non-amyloid,YASNNN
non-amyloid,YGGGGN
non-amyloid,YGGGNS
non-amyloid,YGQQNQ
non-amyloid,YGQQQS
non-amyloid,YGQQSY
non-amyloid,YGQSSY
amyloid,YIFNNC
non-amyloid,YIFNNM
non-amyloid,YKNFNY
non-amyloid,YLEIII
amyloid,YLFLQY
non-amyloid,YLGNNS
amyloid,YLLYYT
amyloid,YLNWYQ
non-amyloid,YNAQAQ
non-amyloid,YNNNLQ
non-amyloid,YNNTGS
amyloid,YNNYNN
non-amyloid,YNPDAG
non-amyloid,YNPQGG
non-amyloid,YQAGFQ
non-amyloid,YQAYNA
non-amyloid,YQGYQA
non-amyloid,YQGYSG
non-amyloid,YQLENY
amyloid,YQLIWQ
non-amyloid,YQNYQG
non-amyloid,YQQGGY
non-amyloid,YQQQFN
non-amyloid,YQQQYN
non-amyloid,YQQQYN
non-amyloid,YQQYNP
non-amyloid,YQQYSQ
non-amyloid,YQYGGG
non-amyloid,YSGSNS
non-amyloid,YSGYQQ
non-amyloid,YSQNGN
non-amyloid,YSQNGN
non-amyloid,YTFTIS
non-amyloid,YTNISN
amyloid,YTVIIE
amyloid,YVEYIG
non-amyloid,YVSGFH
non-amyloid,YYNYNN
amyloid,YYQNYQ
non-amyloid,YYQNYQ
non-amyloid,YYTEFT
